g.addEdge(0,96517218053584,96517218051024);
g.addEdge(0,96517218053584,96517218051024);
g.addEdge(0,96517218053584,96517218051024);
g.addEdge(0,96517218053584,96517218051024);
g.addEdge(0,96517218053584,96517218051024);
g.addEdge(0,96517218053584,96517218051024);
g.addEdge(0,96517218053584,96517218051024);
g.addEdge(0,96517218053584,96517218051024);
g.addEdge(0,96517218053584,96517218051024);
g.addEdge(0,96517218053584,96517218051024);
g.addEdge(0,96517218053584,96517218051024);
g.addEdge(0,96517218053584,96517218051024);
g.addEdge(0,96517218053584,96517218051024);
g.addEdge(0,96517218053584,96517218051024);
g.addEdge(0,96517218053584,96517218051024);
g.addEdge(0,96517218053584,96517218051024);
g.addEdge(0,96517218053584,96517218051024);
g.addEdge(0,96517218053584,96517218051024);
g.addEdge(0,96517218053584,96517218051024);
g.addEdge(0,96517218053584,96517218051024);
g.addEdge(0,96517218053584,96517218051024);
g.addEdge(0,96517218053584,96517218051024);
g.addEdge(0,96517218053584,96517218051024);
g.addEdge(0,96517218053584,96517218051024);
g.addEdge(0,96517218053584,96517218051024);
g.addEdge(0,96517218053584,96517218051024);
g.addEdge(0,96517218053584,96517218051024);
g.addEdge(0,96517218053584,96517218051024);
g.addEdge(0,96517218053584,96517218051024);
g.addEdge(0,96517218053584,96517218051024);
g.addEdge(0,96517218053584,96517218051024);
g.addEdge(0,96517218053584,96517218051024);
g.addEdge(0,96517218053584,96517218051024);
g.addEdge(0,96517218053584,96517218051024);
g.addEdge(0,96517218053584,96517218051024);
g.addEdge(0,96517218053584,96517218051024);
g.addEdge(0,96517218053584,96517218051024);
g.addEdge(0,96517218053584,96517218051024);
g.addEdge(0,96517218053584,96517218051024);
g.addEdge(0,96517218053584,96517218051024);
g.addEdge(0,96517218053584,96517218051024);
g.addEdge(0,96517218053584,96517218051024);
g.addEdge(0,96517218053584,96517218051024);
g.addEdge(0,96517218053584,96517218051024);
g.addEdge(0,96517218053584,96517218051024);
g.addEdge(0,96517218053584,96517218051024);
g.addEdge(0,96517218053584,96517218051024);
g.addEdge(0,96517218053584,96517218051024);
g.addEdge(0,96517218053584,96517218051024);
g.addEdge(0,96517218053584,96517218051024);
g.addEdge(0,96517218053584,96517218051024);
g.addEdge(0,96517218053584,96517218051024);
g.addEdge(0,96517218053584,96517218051024);
g.addEdge(0,96517218053584,96517218051024);
g.addEdge(0,96517218053584,96517218051024);
g.addEdge(0,96517218053584,96517218051024);
g.addEdge(0,96517218053584,96517218051024);
g.addEdge(0,96517218053584,96517218051024);
g.addEdge(0,96517218053584,96517218051024);
g.addEdge(0,96517218053584,96517218051024);
g.addEdge(0,96517218053584,96517218051024);
g.addEdge(0,96517218053584,96517218051024);
g.addEdge(0,96517218053584,96517218051024);
g.addEdge(0,96517218053584,96517218051024);
g.addEdge(0,96517218053584,96517218051024);
